Input_SKU_ProductSKU,Input_SKU_PackagingSupplier,Input_SKU_FormDescription,Input_SKU_CapacityVolume,Input_SKU_CapacityVolumeMetric,Input_SKU_MaterialType,Input_SKU_%ofRecycledPlasticContent,Input_SKU_Recyclability,Input_SKU_%BioBasedPlasticContent,Input_SKU_Compostability,Input_SKU_HazardousSubstances,Input_SKU_SalesRegion,Input_SKU_BaselinePeriodProductPurchasesProcurement,Input_SKU_BaselinePeriodProductSales,Input_SKU_BaselinePeriodProductSamples,Input_SKU_BaselinePeriodExpiredRejectedProduct,Input_SKU_PlasticWeightperUnit,Input_SKU_PlasticWeightperMetric,Input_SKU_Contributionto1aPlasticWasteGeneration,Input_SKU_Contributionto1aPlasticWasteGenerationMetric,Input_SKU_2aPlasticWasteGeneration,Input_SKU_2aPlasticWasteGenerationMetric,Input_SKU_SourcesAssumptions
CHR014V : CHRISTMAS SPICE DIFFUSER 100ML,Jennifer,Bottle,50,ml,PET,0.77,RecyClass Score 3,0,No,BPA Free,Tanzania,40109,36098,2005,401,5,grams,2005,kg,190515,kg,"Diameter Assumption: 4.239 x 2.380. Source: Alpha_PET_Stock_Product_Catalog, Ampliphi Database"
CHR07V : Touched by a Kiss,Jennifer,Bottle,14,ml,PP,0.03,RecyClass Score 5,0,No,BPA Free,Uganda,1248,1123,62,12,0,grams,0,kg,0,kg,"Source: IMG_0109 Ampliphi Database, Semadeni Product Catalog ID 466191"
CHR08V : Luscious Lengths,John,Bottle,391,ml,PVC,0.37,RecyClass Score 3,0,No,BPA Free,Ukraine,6004,5404,300,60,1,grams,0.06,kg,5704,kg,"Diameter Assumption: 4.239 x 2.380. Source: Alpha_PET_Stock_Product_Catalog, Ampliphi Database"
CHR09V : Invigorating Soap,Mike,Bottle,36,ml,PS,0.49,RecyClass Score 3,0,No,BPA Free,Uruguay,18432,16589,922,184,3,grams,0.552,kg,52533,kg,"Source: IMG_0109 Ampliphi Database, Semadeni Product Catalog ID 466191"
CHRBAT : BATHE - LUXURY BATH OILS,Jennifer,Bottle,68,ml,PET,0.3,RecyClass Score 3,0,No,BPA Free,United States,46717,42045,2336,467,11,grams,5137,kg,488191,kg,"Diameter Assumption: 4.239 x 2.380. Source: Alpha_PET_Stock_Product_Catalog, Ampliphi Database"
CHRMOI : MOISTURE - HYDRATING SKIN DUO,Jennifer,Bottle,137,ml,PET,0.71,RecyClass Score 1,0,No,BPA Free,Uzbekistan,95994,86395,4800,960,5,grams,45142,kg,455975,kg,"Source: IMG_0109 Ampliphi Database, Semadeni Product Catalog ID 466191"
CHRREV - REVEAL - CLEANSE & MOISTURE FACIAL SET,John,Bottle,228,ml,PET,0.18,RecyClass Score 2,0,No,BPA Free,"St, Vincent and the Grenadines",62229,56006,3111,622,9,grams,5598,kg,532053,kg,"Source: IMG_0109 Ampliphi Database, Semadeni Product Catalog ID 466192"
CHRTOU : TOUCH - BODY WASH INFUSIONS,Lilly,Bottle,375,ml,PET,0.86,RecyClass Score 1,0,No,BPA Free,"Venezuela, RB",80788,72709,4039,808,15,grams,45272,kg,1151.22,kg,"Source: IMG_0109 Ampliphi Database, Semadeni Product Catalog ID 466193"
EK3072: VOYA TRANQUILITY CONDITIONER 30ML,Lilly,Bottle,354,ml,PET,0.04,RecyClass Score 2,0,No,BPA Free,British Virgin Islands,53438,48094,2672,534,5,grams,24504,kg,253.83,kg,"Source: IMG_0109 Ampliphi Database, Semadeni Product Catalog ID 466194"
EK3073: VOYA TRANQUILITY BODY WASH 30ML,Lilly,Bottle,16,ml,PET,0.49,RecyClass Score 3,0,No,BPA Free,Virgin Islands US,59768,53791,2988,598,9,grams,5382,kg,511011,kg,"Source: IMG_0109 Ampliphi Database, Semadeni Product Catalog ID 466195"
EK3074: VOYA TRANQUILITY CLEANSER 30ML,Mike,Bottle,468,ml,PET,0.21,RecyClass Score 3,0,No,No information,Vietnam,93993,84594,4700,940,6,grams,23498,kg,535764,kg,"Source: IMG_0109 Ampliphi Database, Semadeni Product Catalog ID 466196"
EK3075: VOYA TRANQUILITY BODY MOISTURISER 30ML,Jennifer,Bottle,378,ml,PET,0.35,RecyClass Score 2,0,No,No information,Tanzania,96044,86440,4802,960,26,grams,24.96,kg,2372292,kg,"Source: IMG_0109 Ampliphi Database, Semadeni Product Catalog ID 466197"
EK3076: VOYA REVITALISE SHAMPOO 30ML,Lilly,Bottle,234,ml,PET,0.2,RecyClass Score 3,0.8,No,No information,Uganda,67194,60475,3360,672,14,grams,9408,kg,893.69,kg,"Source: IMG_0109 Ampliphi Database, Semadeni Product Catalog ID 466198"
EK3077: VOYA REVITALISE CONDITIONER 30ML,Mike,Bottle,258,ml,PET,0.08,RecyClass Score 4,0,No,No information,Ukraine,13717,12345,686,137,3,grams,0.411,kg,39093,kg,"Source: IMG_0109 Ampliphi Database, Semadeni Product Catalog ID 466199"
EK3078: VOYA REVITALISE BODY WASH 30ML,Lilly,Bottle,94,ml,PET,0.37,RecyClass Score 3,0,No,No information,Uruguay,32290,29061,1615,323,4,grams,1292,kg,122704,kg,"Source: IMG_0109 Ampliphi Database, Semadeni Product Catalog ID 466200"
EK3079: VOYA REVITALISE CLEANSER 30ML,Robert,Bottle,64,ml,PET,0.95,RecyClass Score 1,0,No,No information,United States,27880,25092,1394,279,4,grams,1116,kg,105944,kg,"Source: IMG_0109 Ampliphi Database, Semadeni Product Catalog ID 466201"
EK3080: VOYA REVITALISE BODY MOISTURISER 30ML,Lilly,Bottle,255,ml,PET,0.46,RecyClass Score 4,0,No,No information,Uzbekistan,51504,46354,2575,515,15,grams,7725,kg,733935,kg,"Source: IMG_0109 Ampliphi Database, Semadeni Product Catalog ID 466202"
EK3081: VOYA HAND WASH 200ML,Jennifer,Bottle,301,ml,PET,0.51,RecyClass Score 4,0,No,No information,"St, Vincent and the Grenadines",177,159,9,2,0,grams,0,kg,0,kg,"Source: IMG_0109 Ampliphi Database, Semadeni Product Catalog ID 466203"
EK3083: VOYA HAND SOAP 20G,Mike,Bottle,21,ml,PET,0.76,RecyClass Score 1,0,No,No information,"Venezuela, RB",52927,47634,2646,529,10,grams,47239,kg,502.8,kg,"Source: IMG_0109 Ampliphi Database, Semadeni Product Catalog ID 466204"
EK3085: VOYA TRANQUILITY SHAMPOO 30ML,Lilly,Bottle,286,ml,PET,0.03,RecyClass Score 1,0,No,No information,British Virgin Islands,60131,54118,3007,601,11,grams,6611,kg,628375,kg,"Source: IMG_0109 Ampliphi Database, Semadeni Product Catalog ID 466205"
HOT0002V : 50ml Body Moisturiser,Lilly,Bottle,472,ml,PET,0.53,RecyClass Score 4,0,No,No information,Virgin Islands US,51573,46416,2579,516,9,grams,4644,kg,440955,kg,"Source: IMG_0109 Ampliphi Database, Semadeni Product Catalog ID 466206"
HOT0003V : 50ml Body Wash,Lilly,Bottle,217,ml,PET,0.05,RecyClass Score 2,0,No,No information,Vietnam,17432,15689,872,174,2,grams,0.348,kg,33122,kg,"Source: IMG_0109 Ampliphi Database, Semadeni Product Catalog ID 466207"
HOT0004V : 50ml Conditioner,Lilly,Bottle,432,ml,PET,0.19,RecyClass Score 3,0,No,No information,Tanzania,29782,26804,1489,298,7,grams,2086,kg,198051,kg,"Source: IMG_0109 Ampliphi Database, Semadeni Product Catalog ID 466208"
HOT0005V : 50ml Shampoo,Lilly,Bottle,165,ml,PET,0.19,RecyClass Score 5,0,No,No information,Uganda,13912,12521,696,139,3,grams,0.417,kg,39651,kg,"Source: IMG_0109 Ampliphi Database, Semadeni Product Catalog ID 466209"
HOT0006V : Softly Does It - Hydrating Body Lotion 5000ml,Robert,Bottle,366,ml,PET,0.79,RecyClass Score 3,0,No,No information,Ukraine,43388,39049,2169,434,6,grams,2604,kg,247308,kg,"Source: IMG_0109 Ampliphi Database, Semadeni Product Catalog ID 466210"
HOT0007V : Squeaky Clean - Invigorating Body Wash 5000ml,John,Bottle,243,ml,PET,0.2,RecyClass Score 1,0,No,No information,Uruguay,28390,25551,1420,284,3,grams,0.852,kg,80913,kg,"Source: IMG_0109 Ampliphi Database, Semadeni Product Catalog ID 466211"
HOT0008V : Clean Me Up - Gentle Hand Wash 5000ml,Robert,Bottle,300,ml,PET,0.35,RecyClass Score 3,0,No,No information,United States,78169,70352,3908,782,17,grams,13294,kg,1262.42,kg,"Source: IMG_0109 Ampliphi Database, Semadeni Product Catalog ID 466212"
HOT0009V : Silky By Nature - Nourishing Shampoo 5000ml,Mike,Bottle,352,ml,PET,0.38,RecyClass Score 5,0,No,No information,Uzbekistan,69557,62601,3478,696,19,grams,13224,kg,1255501,kg,"Source: IMG_0109 Ampliphi Database, Semadeni Product Catalog ID 466213"
HOT0010V : Forget Me Knot - Smoothening Conditioner 5000ml,John,Bottle,474,ml,PET,0.25,RecyClass Score 3,0,No,No information,"St, Vincent and the Grenadines",14808,13327,740,148,3,grams,0.444,kg,42201,kg,"Source: IMG_0109 Ampliphi Database, Semadeni Product Catalog ID 466214"
HOT0012V : 30ml Body Moisturiser,Jennifer,Bottle,87,ml,PET,0.55,RecyClass Score 4,0,No,No information,"Venezuela, RB",27072,24365,1354,271,0,grams,0,kg,0,kg,"Source: IMG_0109 Ampliphi Database, Semadeni Product Catalog ID 466215"
HOT0013V : 30ml Body Wash,Jennifer,Bottle,458,ml,PET,0.68,RecyClass Score 4,0,No,No information,British Virgin Islands,54529,49076,2726,545,2,grams,45170,kg,103604,kg,"Source: IMG_0109 Ampliphi Database, Semadeni Product Catalog ID 466216"
HOT0014V : 30ml Conditioner,John,Bottle,382,ml,PET,0.89,RecyClass Score 2,0,No,No information,Virgin Islands US,18712,16841,936,187,5,grams,0.935,kg,88885,kg,"Source: IMG_0109 Ampliphi Database, Semadeni Product Catalog ID 466217"
HOT0015V : 30ml Shampoo,Jennifer,Bottle,486,ml,PET,0.63,RecyClass Score 3,0,No,No information,Vietnam,22661,20395,1133,227,3,grams,0.681,kg,64584,kg,"Source: IMG_0109 Ampliphi Database, Semadeni Product Catalog ID 466218"
HOT0016V : 30G BOXED SOAP PEPPERMINT,Jennifer,Bottle,156,ml,PET,0.61,RecyClass Score 4,0,No,No information,Tanzania,80478,72430,4024,805,17,grams,13685,kg,1299718,kg,"Source: IMG_0109 Ampliphi Database, Semadeni Product Catalog ID 466219"
HOT0022P : *NEW* 300ml Body & Hand Moisturiser (PCR),John,Bottle,278,ml,PET,0.22,RecyClass Score 5,0,No,No information,Uganda,66293,59664,3315,663,20,grams,13.26,kg,1259.58,kg,"Source: IMG_0109 Ampliphi Database, Semadeni Product Catalog ID 466220"
HOT0022V : *NEW* 300ml Body & Hand Moisturiser,Mike,Bottle,45,ml,PET,0.66,RecyClass Score 5,0,No,No information,Ukraine,19693,17724,985,197,5,grams,0.985,kg,93545,kg,"Source: IMG_0109 Ampliphi Database, Semadeni Product Catalog ID 466221"
HOT0023P : *NEW* 300ml Body & Hand Wash (PCR),Mike,Bottle,346,ml,PET,0.54,RecyClass Score 5,0,No,No information,Uruguay,34042,30638,1702,340,2,grams,0.68,kg,64.68,kg,"Source: IMG_0109 Ampliphi Database, Semadeni Product Catalog ID 466222"
HOT0023V : *NEW* 300ml Body & Hand Wash,Jennifer,Bottle,144,ml,PET,0.99,RecyClass Score 3,0,No,No information,United States,50252,45227,2513,503,14,grams,7042,kg,668.36,kg,"Source: IMG_0109 Ampliphi Database, Semadeni Product Catalog ID 466223"
HOT0024P : *NEW* 300ml Conditioner (PCR),Robert,Bottle,490,ml,PET,0.28,RecyClass Score 3,0,No,No information,Uzbekistan,11477,10329,574,115,4,grams,0.46,kg,43612,kg,"Source: IMG_0109 Ampliphi Database, Semadeni Product Catalog ID 466224"
HOT0024V : *NEW* 300ml Conditioner,Robert,Bottle,306,ml,PET,0.71,RecyClass Score 5,0,No,No information,"St, Vincent and the Grenadines",80075,72068,4004,801,22,grams,17622,kg,1673584,kg,"Source: IMG_0109 Ampliphi Database, Semadeni Product Catalog ID 466225"
HOT0025P : *NEW* 300ml Shampoo (PCR),John,Bottle,251,ml,PET,0.7,RecyClass Score 2,0,No,No information,"Venezuela, RB",52269,47042,2613,523,13,grams,6799,kg,645515,kg,"Source: IMG_0109 Ampliphi Database, Semadeni Product Catalog ID 466226"
HOT0025V : *NEW* 300ml Shampoo,Robert,Bottle,437,ml,PET,0.93,RecyClass Score 5,0,No,No information,British Virgin Islands,38463,34617,1923,385,10,grams,31107,kg,365.4,kg,"Source: IMG_0109 Ampliphi Database, Semadeni Product Catalog ID 466227"
HOT002P : *NEW* 50ml Body Moisturiser (PCR),Jennifer,Bottle,28,ml,PET,0.77,RecyClass Score 2,0,No,No information,Virgin Islands US,11407,10266,570,114,1,grams,0.114,kg,10836,kg,"Source: IMG_0109 Ampliphi Database, Semadeni Product Catalog ID 466228"
HOT002V : *NEW* 50ml Body Moisturiser,Robert,Bottle,346,ml,PET,0.81,RecyClass Score 5,0,No,No information,Vietnam,44508,40057,2225,445,7,grams,3115,kg,295974,kg,"Source: IMG_0109 Ampliphi Database, Semadeni Product Catalog ID 466229"
HOT003P : *NEW* 50ml Body Wash (PCR),Robert,Bottle,360,ml,PET,0.62,RecyClass Score 1,0,No,No information,Tanzania,48383,43545,2419,484,12,grams,5808,kg,551568,kg,"Source: IMG_0109 Ampliphi Database, Semadeni Product Catalog ID 466230"
HOT003V : *NEW* 50ml Body Wash,Jennifer,Bottle,29,ml,PET,0.84,RecyClass Score 1,0,No,No information,Uganda,94920,85428,4746,949,2,grams,1898,kg,180348,kg,"Source: IMG_0109 Ampliphi Database, Semadeni Product Catalog ID 466231"
HOT004P : *NEW* 50ml Conditioner (PCR),John,Bottle,423,ml,PET,0.66,RecyClass Score 5,0,No,No information,Ukraine,21962,19766,1098,220,0,grams,0,kg,0,kg,"Source: IMG_0109 Ampliphi Database, Semadeni Product Catalog ID 466232"
HOT004V : *NEW* 50ml Conditioner,Lilly,Bottle,289,ml,PET,0.33,RecyClass Score 4,0,No,No information,Uruguay,22848,20563,1142,228,3,grams,0.684,kg,65115,kg,"Source: IMG_0109 Ampliphi Database, Semadeni Product Catalog ID 466233"
HOT005P : *NEW* 50ml Shampoo (PCR),Lilly,Bottle,32,ml,PET,0.26,RecyClass Score 3,0,No,No information,United States,67591,60832,3380,676,11,grams,7436,kg,706332,kg,"Source: IMG_0109 Ampliphi Database, Semadeni Product Catalog ID 466234"
HOT005V : *NEW* 50ml Shampoo,John,Bottle,14,ml,PET,0.67,RecyClass Score 1,0,No,No information,Uzbekistan,69611,62650,3481,696,5,grams,17593,kg,330655,kg,"Source: IMG_0109 Ampliphi Database, Semadeni Product Catalog ID 466235"
HOT011V : 30gr Pleat Wrapped Soap,Mike,Bottle,252,ml,PET,0.08,RecyClass Score 2,0,No,No information,"St, Vincent and the Grenadines",8806,7925,440,88,1,grams,0.088,kg,8365,kg,"Source: IMG_0109 Ampliphi Database, Semadeni Product Catalog ID 466236"
HOT012P : *NEW* 30ml Body Moisturiser (PCR),Jennifer,Bottle,152,ml,PET,0.36,RecyClass Score 4,0,No,No information,"Venezuela, RB",53989,48590,2699,540,12,grams,17685,kg,615468,kg,"Source: IMG_0109 Ampliphi Database, Semadeni Product Catalog ID 466237"
HOT012V : *NEW* 30ml Body Moisturiser,Mike,Bottle,496,ml,PET,0.17,RecyClass Score 1,0,No,No information,British Virgin Islands,56740,51066,2837,567,18,grams,10206,kg,970254,kg,"Source: IMG_0109 Ampliphi Database, Semadeni Product Catalog ID 466238"
HOT013P : *NEW* 30ml Body Wash (PCR),John,Bottle,376,ml,PET,0.26,RecyClass Score 1,0,No,No information,Virgin Islands US,93189,83870,4659,932,24,grams,22368,kg,2124696,kg,"Source: IMG_0109 Ampliphi Database, Semadeni Product Catalog ID 466239"
HOT013V : *NEW* 30ml Body Wash,Mike,Bottle,469,ml,PET,0.27,RecyClass Score 1,0,No,No information,Vietnam,50314,45283,2516,503,7,grams,3521,kg,334593,kg,"Source: IMG_0109 Ampliphi Database, Semadeni Product Catalog ID 466240"
HOT014P : *NEW* 30ml Conditioner (PCR),Mike,Bottle,455,ml,PET,0.84,RecyClass Score 5,0,No,No information,Tanzania,64135,57722,3207,641,17,grams,10897,kg,1035793,kg,"Source: IMG_0109 Ampliphi Database, Semadeni Product Catalog ID 466241"
HOT014V : *NEW* 30ml Conditioner,John,Bottle,42,ml,PET,0,RecyClass Score 5,0,No,No information,Uganda,63672,57305,3184,637,2,grams,1274,kg,120978,kg,"Source: IMG_0109 Ampliphi Database, Semadeni Product Catalog ID 466242"
HOT015P : *NEW* 30ml Shampoo (PCR),Robert,Jar,104,ml,PET,0.27,RecyClass Score 1,0,No,No information,Ukraine,20846,18761,1042,208,3,grams,0.624,kg,59409,kg,"Source: IMG_0109 Ampliphi Database, Semadeni Product Catalog ID 466243"
HOT015V : *NEW* 30ml Shampoo,Mike,Jar,74,ml,PET,0.09,RecyClass Score 4,0,No,No information,Uruguay,88226,79403,4411,882,19,grams,16758,kg,1592466,kg,"Source: IMG_0109 Ampliphi Database, Semadeni Product Catalog ID 466244"
HOT022V : 295ml Body and Hand Moisturiser,Jennifer,Jar,296,ml,PET,0.54,RecyClass Score 1,0,No,No information,United States,44743,40269,2237,447,4,grams,1788,kg,170024,kg,"Source: IMG_0109 Ampliphi Database, Semadeni Product Catalog ID 466245"
HOT023V : 295ml Body and Hand Wash,Jennifer,Jar,7,ml,PET,0.59,RecyClass Score 2,0,No,No information,Uzbekistan,92222,83000,4611,922,24,grams,22128,kg,2102664,kg,"Source: IMG_0109 Ampliphi Database, Semadeni Product Catalog ID 466246"
HOT024V : 295ml Conditioner,John,Jar,197,ml,PET,0.85,RecyClass Score 2,0,No,No information,"St, Vincent and the Grenadines",80508,72457,4025,805,12,grams,24351,kg,917784,kg,"Source: IMG_0109 Ampliphi Database, Semadeni Product Catalog ID 466247"
HOT025V : 295ml Shampoo,Lilly,Jar,55,ml,PET,0.1,RecyClass Score 2,0,No,No information,"Venezuela, RB",80569,72512,4028,806,20,grams,45276,kg,1530.8,kg,"Source: IMG_0109 Ampliphi Database, Semadeni Product Catalog ID 466248"
HOT026V : 295ml Hand Wash,Lilly,Jar,493,ml,PET,0.96,RecyClass Score 5,0,No,No information,British Virgin Islands,45036,40532,2252,450,3,grams,12785,kg,128352,kg,"Source: IMG_0109 Ampliphi Database, Semadeni Product Catalog ID 466249"
HOT032V : 3000ml Body and Hand Moisturiser,Jennifer,Jar,222,ml,PET,0.32,RecyClass Score 3,0,No,No information,Virgin Islands US,57672,51905,2884,577,17,grams,9809,kg,931413,kg,"Source: IMG_0109 Ampliphi Database, Semadeni Product Catalog ID 466250"
HOT033V : 3000ml Body and Hand Wash,Lilly,Jar,332,ml,PET,0.91,RecyClass Score 5,0,No,No information,Vietnam,24953,22458,1248,250,1,grams,0.25,kg,23706,kg,"Source: IMG_0109 Ampliphi Database, Semadeni Product Catalog ID 466251"
HOT034V : 3000ml Conditioner,Mike,Jar,314,ml,PET,0.74,RecyClass Score 2,0,No,No information,Tanzania,23948,21553,1197,239,7,grams,1673,kg,159.25,kg,"Source: IMG_0109 Ampliphi Database, Semadeni Product Catalog ID 466252"
HOT035V : 3000ml Shampoo,Robert,Jar,197,ml,PET,0.23,RecyClass Score 5,0,No,No information,Uganda,46700,42030,2335,467,2,grams,0.934,kg,88.73,kg,"Source: IMG_0109 Ampliphi Database, Semadeni Product Catalog ID 466253"
HOT1007V : Bath Elixir 50ml,Robert,Jar,418,ml,PET,0.35,RecyClass Score 1,0,No,No information,Ukraine,76622,68960,3831,766,19,grams,14554,kg,1383029,kg,"Source: IMG_0109 Ampliphi Database, Semadeni Product Catalog ID 466254"
HOT1008V : Bath Salts 50gr,Mike,Jar,428,ml,PET,0.1,RecyClass Score 2,0,No,No information,Uruguay,99294,89365,4965,993,31,grams,30783,kg,2924.23,kg,"Source: IMG_0109 Ampliphi Database, Semadeni Product Catalog ID 466255"
HOT107V : *NEW* Bath Elixir 50ml,Robert,Jar,439,ml,PET,0.47,RecyClass Score 4,0,No,No information,United States,3048,2743,152,30,1,grams,0.03,kg,2895,kg,"Source: IMG_0109 Ampliphi Database, Semadeni Product Catalog ID 466256"
RET0001V : Softly Does It - Hydrating Org Body Lotion 200ml,Lilly,Jar,59,ml,PET,0.39,RecyClass Score 5,0,No,No information,Uzbekistan,64281,57853,3214,643,6,grams,3858,kg,366402,kg,"Source: IMG_0109 Ampliphi Database, Semadeni Product Catalog ID 466257"
RET0002V : Squeaky Clean - Invigorating Body Wash 200ml,Robert,Jar,100,ml,PET,0.98,RecyClass Score 4,0,No,No information,"St, Vincent and the Grenadines",42517,38265,2126,425,10,grams,45748,kg,403.91,kg,"Source: IMG_0109 Ampliphi Database, Semadeni Product Catalog ID 466258"
RET0007V : Silky By Nature - Nourishing Shampoo 200ml,Mike,Jar,452,ml,PET,0.85,RecyClass Score 4,0,No,No information,"Venezuela, RB",182,164,9,2,0,grams,0,kg,0,kg,"Source: IMG_0109 Ampliphi Database, Semadeni Product Catalog ID 466259"
RET0008V : Forget Me Knot - Smoothening Conditioner 200ml,Jennifer,Jar,106,ml,PP,0.4,RecyClass Score 3,0,No,No information,British Virgin Islands,94045,84641,4702,940,2,grams,32143,kg,178686,kg,"Source: IMG_0109 Ampliphi Database, Semadeni Product Catalog ID 466260"
RET0011V : Body Gift Set : Squeaky Clean & Softly Does It,Robert,Jar,246,ml,PP,0.67,RecyClass Score 1,0,No,No information,Virgin Islands US,93793,84414,4690,938,28,grams,26264,kg,2494912,kg,"Source: IMG_0109 Ampliphi Database, Semadeni Product Catalog ID 466261"
RET0012V : Hair Gift Set : Silky By Nature & Forget Me Knot,Mike,Cap / Closure / Lid,454,ml,PP,0.55,RecyClass Score 2,0,No,No information,Vietnam,83505,75155,4175,835,7,grams,5845,kg,555.31,kg,"Source: IMG_0109 Ampliphi Database, Semadeni Product Catalog ID 466262"
RET0013V : Handy To Have - Reparative Hand Creme 75ml,Lilly,Cap / Closure / Lid,154,ml,PP,0.41,RecyClass Score 5,0,No,No information,Tanzania,21178,19060,1059,212,5,grams,45078,kg,100595,kg,"Source: IMG_0109 Ampliphi Database, Semadeni Product Catalog ID 466263"
RET0014V : Clean Me Up - Gentle Hand Wash 300ml,Mike,Cap / Closure / Lid,200,ml,PP,0.7,RecyClass Score 1,0,No,No information,Uganda,95571,86014,4779,956,5,grams,28581,kg,453965,kg,"Source: IMG_0109 Ampliphi Database, Semadeni Product Catalog ID 466264"
RET0017V : Mini Squeaky Clean - Invigorating Body Wash 75ml,John,Cap / Closure / Lid,208,ml,PP,0,RecyClass Score 1,0,No,No information,Ukraine,14176,12758,709,142,3,grams,0.426,kg,40401,kg,"Source: IMG_0109 Ampliphi Database, Semadeni Product Catalog ID 466265"
RET0018V : Mini Softly Does It - Hydrating Body Lotion 75ml,Jennifer,Cap / Closure / Lid,446,ml,PP,0.64,RecyClass Score 2,0,No,No information,Uruguay,72798,65518,3640,728,20,grams,14.56,kg,1383.16,kg,"Source: IMG_0109 Ampliphi Database, Semadeni Product Catalog ID 466266"
RET0020V : Organic Voyager - Body & Hair Set,Lilly,Cap / Closure / Lid,487,ml,PP,0.48,RecyClass Score 2,0,No,No information,United States,49916,44924,2496,499,9,grams,4491,kg,426.78,kg,"Source: IMG_0109 Ampliphi Database, Semadeni Product Catalog ID 466267"
RET0023V : Mini Silky By Nature - Nourishing Shampoo 75ml,Lilly,Cap / Closure / Lid,333,ml,PP,0.52,RecyClass Score 3,0,No,No information,Uzbekistan,86007,77406,4300,860,9,grams,27211,kg,735354,kg,"Source: IMG_0109 Ampliphi Database, Semadeni Product Catalog ID 466268"
RET0024V : Mini Forget Me Knot - Smoothening Conditioner 75m,Jennifer,Cap / Closure / Lid,179,ml,PP,0.1,RecyClass Score 3,0,No,No information,"St, Vincent and the Grenadines",31509,28358,1575,315,7,grams,2205,kg,209531,kg,"Source: IMG_0109 Ampliphi Database, Semadeni Product Catalog ID 466269"
RET0028V : Angelicus Serratus - Nourishing Body Oil 100ml,Jennifer,Cap / Closure / Lid,35,ml,PP,0.07,RecyClass Score 4,0,No,No information,"Venezuela, RB",63410,57069,3171,634,15,grams,18872,kg,903.6,kg,"Source: IMG_0109 Ampliphi Database, Semadeni Product Catalog ID 466270"
RET0030V : Time To Shine - Gentle Body Polish 200ml,Jennifer,Cap / Closure / Lid,158,ml,LDPE,0.42,RecyClass Score 1,0,No,No information,British Virgin Islands,6999,6299,350,70,2,grams,0.14,kg,13298,kg,"Source: IMG_0109 Ampliphi Database, Semadeni Product Catalog ID 466271"
RET0036V : Invigorating Seaweed Soap 150g,Jennifer,Cap / Closure / Lid,392,ml,LDPE,0.33,RecyClass Score 2,0,No,No information,Virgin Islands US,9070,8163,454,91,1,grams,0.091,kg,8617,kg,"Source: IMG_0109 Ampliphi Database, Semadeni Product Catalog ID 466272"
RET003V : Lazy Days - Org Seaweed Bath,Lilly,Cap / Closure / Lid,431,ml,LDPE,0.29,RecyClass Score 3,0,No,No information,Vietnam,44236,39812,2212,442,8,grams,3536,kg,336192,kg,"Source: IMG_0109 Ampliphi Database, Semadeni Product Catalog ID 466273"
RET015V : Exfoliating Body Brush & GOTS Pouch,Robert,Cap / Closure / Lid,168,ml,LDPE,0.65,RecyClass Score 4,0,No,No information,Tanzania,48902,44012,2445,489,9,grams,4401,kg,418113,kg,"Source: IMG_0109 Ampliphi Database, Semadeni Product Catalog ID 466274"
RET018V : Cleanest Touch - Hand Cleanser 300ml,Robert,Cap / Closure / Lid,266,ml,LDPE,0.81,RecyClass Score 4,0,No,No information,Uganda,94027,84624,4701,940,4,grams,27820,kg,357.3,kg,"Source: IMG_0109 Ampliphi Database, Semadeni Product Catalog ID 466275"
RET019V : Cleanest Touch - Hand Cleanser 50ml,Lilly,Cap / Closure / Lid,485,ml,LDPE,0.85,RecyClass Score 3,0,No,No information,Ukraine,71033,63930,3552,710,8,grams,24959,kg,539856,kg,"Source: IMG_0109 Ampliphi Database, Semadeni Product Catalog ID 466276"
RET027V : Org Facial Cloths (pk 3) & Cotton Pouch GOTS,John,Cap / Closure / Lid,305,ml,PHA,0.8,RecyClass Score 5,0,No,No information,Uruguay,99204,89284,4960,992,1,grams,0.992,kg,94244,kg,"Source: IMG_0109 Ampliphi Database, Semadeni Product Catalog ID 466277"
RET034VSPA034V : Essence Oil 10ml CS,Mike,Cap / Closure / Lid,98,ml,PHA,0.19,RecyClass Score 3,0,No,No information,United States,9676,8708,484,97,2,grams,0.194,kg,18384,kg,"Source: IMG_0109 Ampliphi Database, Semadeni Product Catalog ID 466278"
RET205V : Refill 100ml - African Lime & Clove,Jennifer,Cap / Closure / Lid,86,ml,PHA,0.01,RecyClass Score 3,0,No,No information,Uzbekistan,48689,43820,2434,487,6,grams,2922,kg,277524,kg,"Source: IMG_0109 Ampliphi Database, Semadeni Product Catalog ID 466279"
"RET206V : Refill 100ml - Lavender, Rose & Camomile",Lilly,Cap / Closure / Lid,287,ml,PHA,0.81,RecyClass Score 2,0,No,No information,"St, Vincent and the Grenadines",92373,83136,4619,924,28,grams,25872,kg,2457.14,kg,"Source: IMG_0109 Ampliphi Database, Semadeni Product Catalog ID 466280"
RET207V : Refill 100ml - Cedarwood & Bergamot,Mike,Cap / Closure / Lid,443,ml,PHA,0.58,RecyClass Score 1,0,No,No information,"Venezuela, RB",2900,2610,145,29,1,grams,0.029,kg,2755,kg,"Source: IMG_0109 Ampliphi Database, Semadeni Product Catalog ID 466281"
RET208V : Refill 100ml - Ginger Chai & Mandarin,Mike,Cap / Closure / Lid,35,ml,PHA,0.15,RecyClass Score 2,0,No,No information,British Virgin Islands,90421,81379,4521,904,14,grams,12656,kg,1202.6,kg,"Source: IMG_0109 Ampliphi Database, Semadeni Product Catalog ID 466282"
RET209V : Refill 100ml - Coconut & Jasmine,Jennifer,Cap / Closure / Lid,435,ml,LDPE,0.16,RecyClass Score 1,0,No,No information,Virgin Islands US,88577,79719,4429,886,7,grams,6202,kg,589036,kg,"Source: IMG_0109 Ampliphi Database, Semadeni Product Catalog ID 466283"
"RET210V : Lavender, Rose & Camomile Diffuser 100ml",Mike,Cap / Closure / Lid,165,ml,LDPE,0.93,RecyClass Score 5,0,No,No information,Vietnam,94246,84821,4712,942,18,grams,16956,kg,1611594,kg,"Source: IMG_0109 Ampliphi Database, Semadeni Product Catalog ID 466284"
RET211V : African Lime & Clove Diffuser 100ml,Lilly,Cap / Closure / Lid,80,ml,LDPE,0.13,RecyClass Score 3,0,No,No information,Tanzania,50068,45061,2503,501,7,grams,3507,kg,332948,kg,"Source: IMG_0109 Ampliphi Database, Semadeni Product Catalog ID 466285"
RET212V : Ginger Chai & Mandarin Diffuser 100ml,Jennifer,Cap / Closure / Lid,129,ml,LDPE,0.42,RecyClass Score 3,0,No,No information,Uganda,68428,61585,3421,684,1,grams,0.684,kg,65006,kg,"Source: IMG_0109 Ampliphi Database, Semadeni Product Catalog ID 466286"
RET213V : Cedarwood & Bergamot Diffuser 100ml,Lilly,Cap / Closure / Lid,115,ml,LDPE,0.57,RecyClass Score 5,0,No,No information,Ukraine,62188,55969,3109,622,2,grams,1244,kg,118156,kg,"Source: IMG_0109 Ampliphi Database, Semadeni Product Catalog ID 466287"
RET214V : Coconut & Jasmine Diffuser 100ml,John,Cap / Closure / Lid,241,ml,LDPE,0.05,RecyClass Score 5,0,No,No information,Uruguay,15915,14324,796,159,1,grams,0.159,kg,45275,kg,"Source: IMG_0109 Ampliphi Database, Semadeni Product Catalog ID 466288"
RET300S : Mini My Little Hero W/SLEEVE - Serum 3 ml,Robert,Cap / Closure / Lid,72,ml,LDPE,0.98,RecyClass Score 4,0,No,No information,United States,32722,29450,1636,327,4,grams,1308,kg,124344,kg,"Source: IMG_0109 Ampliphi Database, Semadeni Product Catalog ID 466289"
RET301V : Mini My Little Hero - Serum 5 ml,Mike,Cap / Closure / Lid,401,ml,LDPE,0.28,RecyClass Score 5,0,No,No information,Uzbekistan,14833,13350,742,148,2,grams,0.296,kg,28184,kg,"Source: IMG_0109 Ampliphi Database, Semadeni Product Catalog ID 466290"
RET302V : Mini Ritzy Spritzy - Toner 15 ml,Robert,Cap / Closure / Lid,165,ml,LDPE,0.31,RecyClass Score 3,0,No,No information,"St, Vincent and the Grenadines",15487,13938,774,155,2,grams,0.31,kg,29424,kg,"Source: IMG_0109 Ampliphi Database, Semadeni Product Catalog ID 466291"
RET304V : Mini Pearlesque - Moisturiser 15ml,Robert,Cap / Closure / Lid,108,ml,LDPE,0.88,RecyClass Score 3,0,No,No information,"Venezuela, RB",53095,47786,2655,531,14,grams,7434,kg,706174,kg,"Source: IMG_0109 Ampliphi Database, Semadeni Product Catalog ID 466292"
RET306V : Mini Me Time - Facial Moisturiser 15 ml,Mike,Cap / Closure / Lid,151,ml,LDPE,0.6,RecyClass Score 3,0,No,No information,British Virgin Islands,96633,86970,4832,966,2,grams,1932,kg,183604,kg,"Source: IMG_0109 Ampliphi Database, Semadeni Product Catalog ID 466293"
RET308V : Mini Palmarosa Balm - Serum 5ml,Lilly,Cap / Closure / Lid,422,ml,LDPE,0.97,RecyClass Score 3,0,No,No information,Virgin Islands US,21210,19089,1061,212,4,grams,0.848,kg,80.6,kg,"Source: IMG_0109 Ampliphi Database, Semadeni Product Catalog ID 466294"
RET310V : Even Pure - Light Calming Moisturiser 50ml,Robert,Cap / Closure / Lid,154,ml,LDPE,0.01,RecyClass Score 5,0,No,No information,Vietnam,25538,22984,1277,255,2,grams,0.51,kg,48522,kg,"Source: IMG_0109 Ampliphi Database, Semadeni Product Catalog ID 466295"
RET311V : Balancing Act - Soothing Facial Serum 30ml,Mike,Cap / Closure / Lid,344,ml,LDPE,0.41,RecyClass Score 3,0,No,No information,Tanzania,79152,71237,3958,792,13,grams,10296,kg,977535,kg,"Source: IMG_0109 Ampliphi Database, Semadeni Product Catalog ID 466296"
RET312V : Porefection - Clarifying Gel Toner 125ml,Jennifer,Cap / Closure / Lid,146,ml,LDPE,0.78,RecyClass Score 2,0,No,No information,Uganda,19422,17480,971,194,4,grams,0.776,kg,73804,kg,"Source: IMG_0109 Ampliphi Database, Semadeni Product Catalog ID 466297"
RET313V : Luminosity - Refining Radiance Exfoliator 50ml,Jennifer,Cap / Closure / Lid,274,ml,LDPE,0.16,RecyClass Score 2,0,No,No information,Ukraine,62481,56233,3124,625,5,grams,3125,kg,296785,kg,"Source: IMG_0109 Ampliphi Database, Semadeni Product Catalog ID 466298"
RET314V : Cast Away - Cleansing Facial Wash 125ml,Jennifer,Cap / Closure / Lid,380,ml,LDPE,0.3,RecyClass Score 2,0,No,No information,Uruguay,48829,43946,2441,488,8,grams,3904,kg,371096,kg,"Source: IMG_0109 Ampliphi Database, Semadeni Product Catalog ID 466299"
RET315V : Dusk To Dawn - Revitalising Night Creme 50ml,Lilly,Cap / Closure / Lid,167,ml,LDPE,0.38,RecyClass Score 2,0,No,No information,United States,61213,55092,3061,612,8,grams,4896,kg,465224,kg,"Source: IMG_0109 Ampliphi Database, Semadeni Product Catalog ID 466300"
RET316V : Get Glowing - Illuminating Clay Mask 50ml,Jennifer,Cap / Closure / Lid,109,ml,LDPE,0.01,RecyClass Score 1,0,No,No information,Uzbekistan,94721,85249,4736,947,11,grams,10417,kg,989835,kg,"Source: IMG_0109 Ampliphi Database, Semadeni Product Catalog ID 466301"
RET320V : Totally Balmy - Cleansing Balm 100ml,Lilly,Cap / Closure / Lid,189,ml,LDPE,0.11,RecyClass Score 5,0,No,No information,"St, Vincent and the Grenadines",93811,84430,4691,938,20,grams,18.76,kg,1782.42,kg,"Source: IMG_0109 Ampliphi Database, Semadeni Product Catalog ID 466302"
RET321V : My Little Hero - Facial Serum 30ml,Lilly,Cap / Closure / Lid,225,ml,LDPE,0.81,RecyClass Score 2,0,No,No information,"Venezuela, RB",81283,73155,4064,813,15,grams,12195,kg,1158285,kg,"Source: IMG_0109 Ampliphi Database, Semadeni Product Catalog ID 466303"
RET322V : Hydra Veil - Hydrating Mask 50ml,Robert,Cap / Closure / Lid,164,ml,HDPE,0.56,RecyClass Score 2,0,No,No information,British Virgin Islands,11427,10284,571,114,3,grams,0.342,kg,32565,kg,"Source: IMG_0109 Ampliphi Database, Semadeni Product Catalog ID 466304"
RET323V : Love A Scrub - Facial Scrub 125ml,John,Cap / Closure / Lid,455,ml,HDPE,1,RecyClass Score 5,0,No,No information,Virgin Islands US,20191,18172,1010,202,4,grams,0.808,kg,76728,kg,"Source: IMG_0109 Ampliphi Database, Semadeni Product Catalog ID 466305"
RET324V : Pearlesque - Hydrating Moisturiser 50ml,Mike,Cap / Closure / Lid,159,ml,HDPE,0.93,RecyClass Score 5,0,No,No information,Vietnam,33860,30474,1693,339,10,grams,14305,kg,321.67,kg,"Source: IMG_0109 Ampliphi Database, Semadeni Product Catalog ID 466306"
RET325V : Dream Creme - Restorative Night Creme 50ml,Jennifer,Cap / Closure / Lid,491,ml,HDPE,0.58,RecyClass Score 1,0,No,No information,Tanzania,29373,26436,1469,294,1,grams,0.294,kg,27905,kg,"Source: IMG_0109 Ampliphi Database, Semadeni Product Catalog ID 466307"
RET3260V : *New* Facial Skincare Kit Dry/Dehydrated Skin,Robert,Cap / Closure / Lid,406,ml,HDPE,0.41,RecyClass Score 4,0,No,No information,Uganda,20001,18001,1000,200,3,grams,0.6,kg,57003,kg,"Source: IMG_0109 Ampliphi Database, Semadeni Product Catalog ID 466308"
RET331V : Cleanse & Mend - Facial Cleansing Milk 125ml,John,Cap / Closure / Lid,325,ml,HDPE,0.22,RecyClass Score 4,0,No,No information,Ukraine,3707,3336,185,37,1,grams,0.037,kg,3521,kg,"Source: IMG_0109 Ampliphi Database, Semadeni Product Catalog ID 466309"
RET332V : Ritzy Spritzy - Facial Spritz 125ml,Jennifer,Cap / Closure / Lid,289,ml,HDPE,0.37,RecyClass Score 5,0,No,No information,Uruguay,69773,62796,3489,698,7,grams,4886,kg,463995,kg,"Source: IMG_0109 Ampliphi Database, Semadeni Product Catalog ID 466310"
RET333V : Radiance - Illuminating Exfoliating Gel 50ml,John,Cap / Closure / Lid,308,ml,HDPE,0.03,RecyClass Score 1,0,No,No information,United States,47319,42587,2366,473,13,grams,6149,kg,584389,kg,"Source: IMG_0109 Ampliphi Database, Semadeni Product Catalog ID 466311"
RET334V : Visage - Awakening Eye Mask 15ml,Jennifer,Cap / Closure / Lid,476,ml,HDPE,0.73,RecyClass Score 5,0,No,No information,Uzbekistan,1083,975,54,11,0,grams,0,kg,0,kg,"Source: IMG_0109 Ampliphi Database, Semadeni Product Catalog ID 466312"
RET335V : Maskerade - Facial Mask 50ml,John,Cap / Closure / Lid,458,ml,HDPE,0.26,RecyClass Score 4,0,No,No information,"St, Vincent and the Grenadines",21649,19484,1082,216,4,grams,0.864,kg,82264,kg,"Source: IMG_0109 Ampliphi Database, Semadeni Product Catalog ID 466313"
RET336V : Me Time - Soothing Moisturiser 50ml,Mike,Cap / Closure / Lid,270,ml,HDPE,0.9,RecyClass Score 3,0,No,No information,"Venezuela, RB",30232,27209,1512,302,9,grams,2718,kg,258489,kg,"Source: IMG_0109 Ampliphi Database, Semadeni Product Catalog ID 466314"
RET337V : Bright Eyes - Regenerating Eye Creme 15ml,Jennifer,Cap / Closure / Lid,198,ml,HDPE,0.44,RecyClass Score 3,0,No,No information,British Virgin Islands,4038,3634,202,40,0,grams,0,kg,0,kg,"Source: IMG_0109 Ampliphi Database, Semadeni Product Catalog ID 466315"
RET338V : Palmarosa Balm - Facial Serum 30ml,Mike,Cap / Closure / Lid,487,ml,HDPE,0.39,RecyClass Score 3,0,No,No information,Virgin Islands US,45188,40669,2259,452,3,grams,1356,kg,128784,kg,"Source: IMG_0109 Ampliphi Database, Semadeni Product Catalog ID 466316"
RET339V : Mini Cleanse & Mend - Cleanser 50ml,Mike,Cap / Closure / Lid,359,ml,HDPE,0.13,RecyClass Score 4,0,No,No information,Vietnam,86003,77403,4300,860,19,grams,16.34,kg,1552357,kg,"Source: IMG_0109 Ampliphi Database, Semadeni Product Catalog ID 466317"
RET340V : Facial Skincare Kit Normal/Sensitive Skin,John,Cap / Closure / Lid,456,ml,HDPE,0.18,RecyClass Score 4,0,No,No information,Tanzania,12117,10905,606,121,1,grams,0.121,kg,11511,kg,"Source: IMG_0109 Ampliphi Database, Semadeni Product Catalog ID 466318"
RET402V : True Tranquil - Relaxing Body Wash 200ml,Jennifer,Cap / Closure / Lid,38,ml,HDPE,0.1,RecyClass Score 5,0,No,No information,Uganda,5352,4817,268,54,0,grams,0,kg,0,kg,"Source: IMG_0109 Ampliphi Database, Semadeni Product Catalog ID 466319"
RET406V : Mama Oil - S/Mark Minimizing Body Oil 100ml CS,John,Cap / Closure / Lid,36,ml,HDPE,0.22,RecyClass Score 4,0,No,No information,Ukraine,12549,11294,627,125,3,grams,0.375,kg,35763,kg,"Source: IMG_0109 Ampliphi Database, Semadeni Product Catalog ID 466320"
RET407V : Mama Care - S/Mark Minimizing Body Cream 200ml CS,Robert,Cap / Closure / Lid,48,ml,HDPE,0.17,RecyClass Score 1,0,No,No information,Uruguay,2823,2541,141,28,0,grams,0,kg,0,kg,"Source: IMG_0109 Ampliphi Database, Semadeni Product Catalog ID 466321"
RET4280V : Mindful Dreams - Relaxing Body Oil 100ml,Jennifer,Cap / Closure / Lid,280,ml,HDPE,0.72,RecyClass Score 1,0,No,No information,United States,13586,12227,679,136,3,grams,0.408,kg,38718,kg,"Source: IMG_0109 Ampliphi Database, Semadeni Product Catalog ID 466322"
RET429V : Moonlight Moments 50ml CS,Mike,Cap / Closure / Lid,89,ml,HDPE,0.73,RecyClass Score 2,0,No,No information,Uzbekistan,11873,10686,594,119,3,grams,0.357,kg,33.84,kg,"Source: IMG_0109 Ampliphi Database, Semadeni Product Catalog ID 466323"
RET431V : Original Aroma 50ml CS,Lilly,Cap / Closure / Lid,242,ml,HDPE,0,RecyClass Score 5,1,Yes,No information,"St, Vincent and the Grenadines",20657,18591,1033,207,5,grams,1035,kg,98.12,kg,"Source: IMG_0109 Ampliphi Database, Semadeni Product Catalog ID 466324"
RET4360V : Effervescence - Nourishing Sugar Scrub 250g CS,John,Cap / Closure / Lid,64,ml,HDPE,0.88,RecyClass Score 3,0,No,No information,"Venezuela, RB",33648,30283,1682,336,2,grams,0.672,kg,63.93,kg,"Source: IMG_0109 Ampliphi Database, Semadeni Product Catalog ID 466325"
RET528V : Serenergise - Muscle Relaxing Body Oil 100ml,Lilly,Cap / Closure / Lid,38,ml,HDPE,0.59,RecyClass Score 4,0,No,No information,British Virgin Islands,21784,19606,1089,218,4,grams,0.872,kg,82.78,kg,"Source: IMG_0109 Ampliphi Database, Semadeni Product Catalog ID 466326"
RET529V : Feel The Heat - Muscle Warming Arnica Gel 100ml,Robert,Cap / Closure / Lid,291,ml,HDPE,0.85,RecyClass Score 5,0,No,No information,Virgin Islands US,61075,54968,3054,611,15,grams,9165,kg,870.33,kg,"Source: IMG_0109 Ampliphi Database, Semadeni Product Catalog ID 466327"
RET610V : Mens Rejuvenating Moisturiser 50ml CS,Robert,Cap / Closure / Lid,58,ml,HDPE,0.85,RecyClass Score 1,0,No,No information,Vietnam,76206,68585,3810,762,1,grams,0.762,kg,72395,kg,"Source: IMG_0109 Ampliphi Database, Semadeni Product Catalog ID 466328"
RET613V : Mens Energizing Body Wash 200ml CS,John,Cap / Closure / Lid,309,ml,HDPE,0.77,RecyClass Score 4,0,No,No information,Tanzania,3567,3210,178,36,0,grams,0,kg,0,kg,"Source: IMG_0109 Ampliphi Database, Semadeni Product Catalog ID 466329"
RET614V : Mens Invigorating Facial Wash 125ml CS,John,Cap / Closure / Lid,453,ml,HDPE,0.1,RecyClass Score 4,0,No,No information,Uganda,26950,24255,1348,270,5,grams,12785,kg,128015,kg,"Source: IMG_0109 Ampliphi Database, Semadeni Product Catalog ID 466330"
RET615V : Mens Cooling Shave Gel 125ml CS,John,Cap / Closure / Lid,376,ml,HDPE,0.18,RecyClass Score 1,0,No,No information,Ukraine,23229,20906,1161,232,5,grams,42370,kg,110335,kg,"Source: IMG_0109 Ampliphi Database, Semadeni Product Catalog ID 466331"
RET700 : Room Spray - Cedarwood & Bergamot 100ml,Robert,Cap / Closure / Lid,380,ml,HDPE,0.4,RecyClass Score 3,0,No,No information,Uruguay,76774,69097,3839,768,4,grams,3072,kg,291744,kg,"Source: IMG_0109 Ampliphi Database, Semadeni Product Catalog ID 466332"
RET701 : Room Spray - African Lime & Clove 100ml,Mike,Cap / Closure / Lid,129,ml,HDPE,0.28,RecyClass Score 5,0,No,No information,United States,34893,31404,1745,349,10,grams,17958,kg,331.49,kg,"Source: IMG_0109 Ampliphi Database, Semadeni Product Catalog ID 466333"
RET702 : Room Spray - Coconut & Jasmine 100ml,Jennifer,Cap / Closure / Lid,384,ml,PP,0.11,RecyClass Score 3,0,No,No information,Uzbekistan,86326,77693,4316,863,6,grams,5178,kg,492054,kg,"Source: IMG_0109 Ampliphi Database, Semadeni Product Catalog ID 466334"
RET710V : Pillow Heaven - Relaxing Sleep Spray 10ml,Lilly,Cap / Closure / Lid,300,ml,PP,0.84,RecyClass Score 5,0,No,No information,"St, Vincent and the Grenadines",95229,85706,4761,952,3,grams,2856,kg,271401,kg,"Source: IMG_0109 Ampliphi Database, Semadeni Product Catalog ID 466335"
SAM0001V : Softly Does It - Hydrating Body Lotion 5ml,Jennifer,Cap / Closure / Lid,189,ml,PP,0.09,RecyClass Score 3,0,No,No information,"Venezuela, RB",60763,54687,3038,608,6,grams,3648,kg,346.35,kg,"Source: IMG_0109 Ampliphi Database, Semadeni Product Catalog ID 466336"
SAM0007V : Silky By Nature - Nourishing Shampoo 4ml,Jennifer,Cap / Closure / Lid,310,ml,PP,0.97,RecyClass Score 5,0,No,No information,British Virgin Islands,23788,21409,1189,238,7,grams,1666,kg,158186,kg,"Source: IMG_0109 Ampliphi Database, Semadeni Product Catalog ID 466337"
SAM0013V : Handy to Have - Reparative Hand Creme 2ml,Mike,Cap / Closure / Lid,101,ml,PP,0.34,RecyClass Score 2,0,No,No information,Virgin Islands US,41081,36973,2054,411,11,grams,4521,kg,429297,kg,"Source: IMG_0109 Ampliphi Database, Semadeni Product Catalog ID 466338"
SAM0028V : Angelicus Serratus - Nourishing Body Oil 2ml,Lilly,Cap / Closure / Lid,214,ml,PP,0.21,RecyClass Score 1,0,No,No information,Vietnam,63739,57365,3187,637,6,grams,3822,kg,363312,kg,"Source: IMG_0109 Ampliphi Database, Semadeni Product Catalog ID 466339"
SAM310V : Even Pure Light Calming Moisturiser 2ml,John,Cap / Closure / Lid,455,ml,PP,0.91,RecyClass Score 3,0,No,No information,Tanzania,15514,13963,776,155,3,grams,0.465,kg,44217,kg,"Source: IMG_0109 Ampliphi Database, Semadeni Product Catalog ID 466340"
SAM311V : Balancing Act Soothing Facial Serum 2ml,Jennifer,Cap / Closure / Lid,426,ml,PP,0.23,RecyClass Score 3,0,No,No information,Uganda,18670,16803,934,187,4,grams,0.748,kg,70948,kg,"Source: IMG_0109 Ampliphi Database, Semadeni Product Catalog ID 466341"
SAM313V : Luminosity Refining Radiance Exfoliator 2ml,Jennifer,Cap / Closure / Lid,135,ml,PP,0.79,RecyClass Score 2,0,No,No information,Ukraine,97349,87614,4867,973,10,grams,26908,kg,924.81,kg,"Source: IMG_0109 Ampliphi Database, Semadeni Product Catalog ID 466342"
SAM315V : Dusk To Dawn Revitalising Night Cream 2ml,John,Cap / Closure / Lid,88,ml,PP,0.43,RecyClass Score 2,0,No,No information,Uruguay,49681,44713,2484,497,10,grams,35521,kg,471.97,kg,"Source: IMG_0109 Ampliphi Database, Semadeni Product Catalog ID 466343"
SAM321V : My Little Hero Facial Serum 2ml,Jennifer,Cap / Closure / Lid,390,ml,PP,1,RecyClass Score 4,0,No,No information,United States,62935,56642,3147,629,6,grams,3774,kg,358734,kg,"Source: IMG_0109 Ampliphi Database, Semadeni Product Catalog ID 466344"
SAM323V : Love A Scrub Facial Scrub 2ml,Lilly,Cap / Closure / Lid,130,ml,PP,0.89,RecyClass Score 1,0,No,No information,Uzbekistan,3882,3494,194,39,0,grams,0,kg,0,kg,"Source: IMG_0109 Ampliphi Database, Semadeni Product Catalog ID 466345"
SAM324V : Pearlesque Hydrating Moisturiser 2ml,John,Cap / Closure / Lid,431,ml,PP,1,RecyClass Score 2,0,No,No information,"St, Vincent and the Grenadines",18541,16687,927,185,2,grams,0.37,kg,35228,kg,"Source: IMG_0109 Ampliphi Database, Semadeni Product Catalog ID 466346"
SAM331V : Cleanse and Mend 2ml,Jennifer,Cap / Closure / Lid,213,ml,PP,0.69,RecyClass Score 1,0,No,No information,"Venezuela, RB",79775,71798,3989,798,9,grams,7182,kg,682083,kg,"Source: IMG_0109 Ampliphi Database, Semadeni Product Catalog ID 466347"
SAM335V : Maskerade Facial Mask 2ml,John,Cap / Closure / Lid,300,ml,PP,0.83,RecyClass Score 5,0,No,No information,British Virgin Islands,29627,26664,1481,296,4,grams,1184,kg,112.58,kg,"Source: IMG_0109 Ampliphi Database, Semadeni Product Catalog ID 466348"
SAM336V : Me Time Moisturiser 2ml,Mike,Cap / Closure / Lid,163,ml,PP,0.34,RecyClass Score 4,0,No,No information,Virgin Islands US,39843,35859,1992,398,11,grams,4378,kg,416361,kg,"Source: IMG_0109 Ampliphi Database, Semadeni Product Catalog ID 466349"
SAM337V : Bright Eyes 2ml,Lilly,Cap / Closure / Lid,299,ml,PP,0.04,RecyClass Score 2,0,No,No information,Vietnam,40225,36203,2011,402,0,grams,0,kg,0,kg,"Source: IMG_0109 Ampliphi Database, Semadeni Product Catalog ID 466350"
SAM338V : Palmarosa Balm 2ml,Mike,Cap / Closure / Lid,101,ml,PP,0.75,RecyClass Score 3,0,No,No information,Tanzania,17650,15885,883,177,5,grams,0.885,kg,83.84,kg,"Source: IMG_0109 Ampliphi Database, Semadeni Product Catalog ID 466351"
SAM610V : Mens Rejuvenating Moisturiser 2ml CS,John,Cap / Closure / Lid,275,ml,PP,0.94,RecyClass Score 5,0,No,No information,Uganda,74170,66753,3709,742,8,grams,5936,kg,563696,kg,"Source: IMG_0109 Ampliphi Database, Semadeni Product Catalog ID 466352"
SAM613V : Mens Energizing Body Wash 2ml CS,John,Cap / Closure / Lid,416,ml,PP,0.45,RecyClass Score 5,0,No,No information,Ukraine,61774,55597,3089,618,6,grams,3708,kg,352116,kg,"Source: IMG_0109 Ampliphi Database, Semadeni Product Catalog ID 466353"
SAM615V : Mens Cooling Shave Gel 2ml CS,Mike,Cap / Closure / Lid,482,ml,PP,0.13,RecyClass Score 3,0,No,No information,Uruguay,11178,10060,559,112,3,grams,0.336,kg,31857,kg,"Source: IMG_0109 Ampliphi Database, Semadeni Product Catalog ID 466354"
SEAOR : Orplex Body Dietary Supplements EU,Robert,Cap / Closure / Lid,331,ml,PP,0.14,RecyClass Score 4,0,No,No information,United States,26989,24290,1349,270,5,grams,12785,kg,128195,kg,"Source: IMG_0109 Ampliphi Database, Semadeni Product Catalog ID 466355"
SEAOR : Orplex Body Dietary Supplements US,Mike,Cap / Closure / Lid,308,ml,PP,0.39,RecyClass Score 4,0,No,No information,Uzbekistan,88121,79309,4406,881,20,grams,17.62,kg,1674.3,kg,"Source: IMG_0109 Ampliphi Database, Semadeni Product Catalog ID 466356"
"SEAOR : Hair, Skin & Nails Dietary Supplements EU",Mike,Cap / Closure / Lid,455,ml,PP,0.11,RecyClass Score 1,0,No,No information,"St, Vincent and the Grenadines",93128,83815,4656,931,14,grams,13034,kg,1238594,kg,"Source: IMG_0109 Ampliphi Database, Semadeni Product Catalog ID 466357"
"SEAOR : Hair, Skin & Nails Dietary Supplements US",John,Cap / Closure / Lid,137,ml,PP,0.89,RecyClass Score 5,0,No,No information,"Venezuela, RB",84599,76139,4230,846,15,grams,25538,kg,1205535,kg,"Source: IMG_0109 Ampliphi Database, Semadeni Product Catalog ID 466358"
SETANT : Antioxidant Warrior Set,Robert,Cap / Closure / Lid,82,ml,PP,0.53,RecyClass Score 1,0,No,No information,British Virgin Islands,32239,29015,1612,322,4,grams,1288,kg,122508,kg,"Source: IMG_0109 Ampliphi Database, Semadeni Product Catalog ID 466359"
SETBODY : Body Concentrate Set,Jennifer,Cap / Closure / Lid,65,ml,PP,0,RecyClass Score 2,0,No,No information,Virgin Islands US,9205,8285,460,92,2,grams,0.184,kg,17.49,kg,"Source: IMG_0109 Ampliphi Database, Semadeni Product Catalog ID 466360"
SETBRAVE : Brave the Day Set,Lilly,Cap / Closure / Lid,405,ml,PP,0.85,RecyClass Score 5,0,No,No information,Vietnam,86934,78241,4347,869,1,grams,0.869,kg,82588,kg,"Source: IMG_0109 Ampliphi Database, Semadeni Product Catalog ID 466361"
SETCP : Center Parcs Turn Down Set,John,Cap / Closure / Lid,481,ml,PP,0.19,RecyClass Score 1,0,No,No information,Tanzania,32032,28829,1602,320,5,grams,45078,kg,152155,kg,"Source: IMG_0109 Ampliphi Database, Semadeni Product Catalog ID 466362"
SETDREAM : While You Are Sleeping Set,Jennifer,Cap / Closure / Lid,20,ml,PP,0.49,RecyClass Score 5,0,No,No information,Uganda,88610,79749,4431,886,12,grams,10632,kg,1010.16,kg,"Source: IMG_0109 Ampliphi Database, Semadeni Product Catalog ID 466363"
SETFACE : Facial Romance Set,Robert,Cap / Closure / Lid,13,ml,PP,0.95,RecyClass Score 4,0,No,No information,Ukraine,85327,76794,4266,853,8,grams,6824,kg,648.48,kg,"Source: IMG_0109 Ampliphi Database, Semadeni Product Catalog ID 466364"
SETHOME : Home Spa Retreat Set,John,Cap / Closure / Lid,58,ml,PP,0.57,RecyClass Score 1,0,No,No information,Uruguay,68565,61709,3428,686,9,grams,6174,kg,586233,kg,"Source: IMG_0109 Ampliphi Database, Semadeni Product Catalog ID 466365"
SETMAN : MALE GROOMING KIT CS,John,Container,474,ml,PP,0.61,RecyClass Score 5,0,No,No information,United States,29190,26271,1460,292,7,grams,2044,kg,194117,kg,"Source: IMG_0109 Ampliphi Database, Semadeni Product Catalog ID 466366"
SETREC: Essentials for Muscle Recovery,John,Container,337,ml,PP,0.78,RecyClass Score 1,0,No,No information,Uzbekistan,72400,65160,3620,724,9,grams,6516,kg,619.02,kg,"Source: IMG_0109 Ampliphi Database, Semadeni Product Catalog ID 466367"
SETSCENT : Little World of Scent Set,Mike,Container,453,ml,PP,0.59,RecyClass Score 4,0,No,No information,"St, Vincent and the Grenadines",6206,5585,310,62,0,grams,0,kg,0,kg,"Source: IMG_0109 Ampliphi Database, Semadeni Product Catalog ID 466368"
SETSLEEP : Sleep On It Set,Mike,Container,465,ml,PP,0.48,RecyClass Score 5,0,No,No information,"Venezuela, RB",16784,15106,839,168,4,grams,0.672,kg,63.78,kg,"Source: IMG_0109 Ampliphi Database, Semadeni Product Catalog ID 466369"
SETVIT : Vitamin Sea Set,Mike,Container,58,ml,PP,0.39,RecyClass Score 4,0,No,No information,British Virgin Islands,67665,60899,3383,677,16,grams,10832,kg,1028512,kg,"Source: IMG_0109 Ampliphi Database, Semadeni Product Catalog ID 466370"
SETWELL : Waves of Wellbeing Set,Lilly,Container,43,ml,PP,0.08,RecyClass Score 5,0,No,No information,Virgin Islands US,55122,49610,2756,551,1,grams,0.551,kg,52366,kg,"Source: IMG_0109 Ampliphi Database, Semadeni Product Catalog ID 466371"
SPA001V : Org Seaweed Bath Trade,Lilly,Container,89,ml,PP,0.7,RecyClass Score 3,0,No,No information,Vietnam,75812,68231,3791,758,17,grams,12886,kg,1224374,kg,"Source: IMG_0109 Ampliphi Database, Semadeni Product Catalog ID 466372"
SPA002V : Mermaids Purse - Organic Mask,Robert,Container,142,ml,PP,0.92,RecyClass Score 1,0,No,No information,Tanzania,86449,77804,4322,864,14,grams,12096,kg,1149764,kg,"Source: IMG_0109 Ampliphi Database, Semadeni Product Catalog ID 466373"
SPA0036V : Lavender Sugar Scrub 430g,Lilly,Container,209,ml,PP,1,RecyClass Score 3,0,No,No information,Uganda,79416,71474,3971,794,14,grams,11116,kg,1056.23,kg,"Source: IMG_0109 Ampliphi Database, Semadeni Product Catalog ID 466374"
SPA003V : Tangle Me Up - Organic Seaweed Body Wrap,Jennifer,Container,146,ml,PP,0.36,RecyClass Score 2,0,No,No information,Ukraine,30482,27434,1524,305,8,grams,16103,kg,231664,kg,"Source: IMG_0109 Ampliphi Database, Semadeni Product Catalog ID 466375"
SPA004V : Ocean Essence - Organic Seaweed Body Wrap,John,Container,297,ml,PP,0.26,RecyClass Score 3,0,No,No information,Uruguay,33262,29936,1663,333,2,grams,0.666,kg,63198,kg,"Source: IMG_0109 Ampliphi Database, Semadeni Product Catalog ID 466376"
SPA005V : Fucus Luscious - Organic Salt Glow,Mike,Container,341,ml,PP,0.69,RecyClass Score 2,0,No,No information,United States,45870,41283,2294,459,11,grams,5049,kg,479347,kg,"Source: IMG_0109 Ampliphi Database, Semadeni Product Catalog ID 466377"
SPA006V : Angelicus Serratus - Org Nourishing Massage Oil,Mike,Container,393,ml,PP,0.02,RecyClass Score 5,0,No,No information,Uzbekistan,21959,19763,1098,220,2,grams,0.44,kg,41722,kg,"Source: IMG_0109 Ampliphi Database, Semadeni Product Catalog ID 466378"
SPA012V : Org Muslin Cotton Sheet GOTS,John,Container,94,ml,PP,0.9,RecyClass Score 1,0,No,No information,"St, Vincent and the Grenadines",21955,19760,1098,220,5,grams,44927,kg,104.29,kg,"Source: IMG_0109 Ampliphi Database, Semadeni Product Catalog ID 466379"
SPA013V : Org Muslin Cotton Face Cloths GOTS,Robert,Container,493,ml,PP,0.87,RecyClass Score 5,0,No,No information,"Venezuela, RB",42394,38155,2120,424,12,grams,5088,kg,483.3,kg,"Source: IMG_0109 Ampliphi Database, Semadeni Product Catalog ID 466380"
SPA014V : Organic Seaweed Eye Compress,John,Container,85,ml,PP,0,RecyClass Score 3,0,No,No information,British Virgin Islands,74590,67131,3730,746,1,grams,0.746,kg,70861,kg,"Source: IMG_0109 Ampliphi Database, Semadeni Product Catalog ID 466381"
SPA015V : Exfoliating Body Brush,Robert,Container,399,ml,PP,0.7,RecyClass Score 5,0,No,No information,Virgin Islands US,61354,55219,3068,614,11,grams,6754,kg,641157,kg,"Source: IMG_0109 Ampliphi Database, Semadeni Product Catalog ID 466382"
SPA016V : Org Seaweed Face Mask Strips,Robert,Container,256,ml,PP,0.24,RecyClass Score 5,0,No,No information,Vietnam,10489,9440,524,105,3,grams,0.315,kg,29892,kg,"Source: IMG_0109 Ampliphi Database, Semadeni Product Catalog ID 466383"
SPA030V : Time to Shine - Organic Body Buff,Lilly,Container,173,ml,PP,0.23,RecyClass Score 1,0,No,No information,Tanzania,61003,54903,3050,610,5,grams,45049,kg,289765,kg,"Source: IMG_0109 Ampliphi Database, Semadeni Product Catalog ID 466384"
SPA035V : Peppermint Sugar Scrub,Robert,Container,411,ml,PP,0,RecyClass Score 5,0,No,No information,Uganda,43193,38874,2160,432,0,grams,0,kg,0,kg,"Source: IMG_0109 Ampliphi Database, Semadeni Product Catalog ID 466385"
SPA037V : Bladderwrack Organic Body Buff,Lilly,Container,498,ml,PP,0.37,RecyClass Score 1,0,No,No information,Ukraine,7363,6627,368,74,1,grams,0.074,kg,6995,kg,"Source: IMG_0109 Ampliphi Database, Semadeni Product Catalog ID 466386"
SPA038V : Org Seaweed Leaf Body Strips,Mike,Container,404,ml,PP,0.83,RecyClass Score 4,0,No,No information,Uruguay,86857,78171,4343,869,18,grams,15642,kg,1485252,kg,"Source: IMG_0109 Ampliphi Database, Semadeni Product Catalog ID 466387"
SPA048V : Organic Herbal Muslin Bag - Orange & Ginger,Jennifer,Container,104,ml,PP,0,RecyClass Score 2,0,No,No information,United States,69545,62591,3477,695,12,grams,12632,kg,792816,kg,"Source: IMG_0109 Ampliphi Database, Semadeni Product Catalog ID 466388"
SPA053V : Voya Organic Aroma Bath Salts,John,Container,421,ml,PP,0.31,RecyClass Score 1,0,No,No information,Uzbekistan,75815,68234,3791,758,8,grams,6064,kg,576.2,kg,"Source: IMG_0109 Ampliphi Database, Semadeni Product Catalog ID 466389"
SPA054V : Warm Spiced Mud Wrap,John,Container,442,ml,PP,0.22,RecyClass Score 4,0,No,No information,"St, Vincent and the Grenadines",546,491,27,5,0,grams,0,kg,0,kg,"Source: IMG_0109 Ampliphi Database, Semadeni Product Catalog ID 466390"
SPA07V : Softly Does It - Hydrating Body Lotion 300ml,John,Container,440,ml,PP,0,RecyClass Score 2,0,No,No information,"Venezuela, RB",51206,46085,2560,512,6,grams,3072,kg,291.87,kg,"Source: IMG_0109 Ampliphi Database, Semadeni Product Catalog ID 466391"
SPA08V : Squeaky Clean - Invigorating Body Wash 300ml,Robert,Container,469,ml,PP,0.87,RecyClass Score 2,0,No,No information,British Virgin Islands,86094,77485,4305,861,22,grams,18942,kg,1799.38,kg,"Source: IMG_0109 Ampliphi Database, Semadeni Product Catalog ID 466392"
SPA10V : Silky By Nature - Nourishing Shampoo 300ml,Mike,Container,380,ml,PP,0,RecyClass Score 5,0,No,No information,Virgin Islands US,78092,70283,3905,781,5,grams,3905,kg,370.94,kg,"Source: IMG_0109 Ampliphi Database, Semadeni Product Catalog ID 466393"
SPA11V : Forget Me Knot - Smoothening Conditioner 300ml,Robert,Container,445,ml,PP,0.8,RecyClass Score 2,0,No,No information,Vietnam,24640,22176,1232,246,4,grams,0.984,kg,93632,kg,"Source: IMG_0109 Ampliphi Database, Semadeni Product Catalog ID 466394"
SPA202V : Oh So Scented - Diffuser Trade Refill 500ml,Mike,Container,188,ml,PP,0.73,RecyClass Score 1,0.17,No,No information,Tanzania,53556,48200,2678,536,13,grams,6968,kg,661414,kg,"Source: IMG_0109 Ampliphi Database, Semadeni Product Catalog ID 466395"
SPA300V : AHA Peel 100ml,Robert,Container,336,ml,PP,0.4,RecyClass Score 5,0,No,No information,Uganda,19432,17489,972,194,1,grams,0.194,kg,18461,kg,"Source: IMG_0109 Ampliphi Database, Semadeni Product Catalog ID 466396"
SPA310V : Even Pure - Light Calming Moisturiser 50ml,Mike,Container,174,ml,PP,0.35,RecyClass Score 4,0,No,No information,Ukraine,98584,88726,4929,986,14,grams,13804,kg,1311.17,kg,"Source: IMG_0109 Ampliphi Database, Semadeni Product Catalog ID 466397"
SPA311V : Balancing Act - Soothing Facial Serum 50ml,John,Container,472,ml,PP,0.87,RecyClass Score 3,0,No,No information,Uruguay,19172,17255,959,192,2,grams,0.384,kg,36428,kg,"Source: IMG_0109 Ampliphi Database, Semadeni Product Catalog ID 466398"
SPA312V : Porefection - Clarifying Gel Toner 100ml,Mike,Container,315,ml,PP,0.79,RecyClass Score 2,0,No,No information,United States,93324,83992,4666,933,25,grams,23325,kg,2216.45,kg,"Source: IMG_0109 Ampliphi Database, Semadeni Product Catalog ID 466399"
SPA313V : Luminosity - Refining Radiance Exfoliator 100ml,Lilly,Container,294,ml,PP,0.03,RecyClass Score 2,0,No,No information,Uzbekistan,15389,13850,769,154,2,grams,0.308,kg,29238,kg,"Source: IMG_0109 Ampliphi Database, Semadeni Product Catalog ID 466400"
SPA314V : Cast Away - Cleansing Facial Wash 100ml,Mike,Container,476,ml,PP,0,RecyClass Score 5,0.96,No,No information,"St, Vincent and the Grenadines",80072,72065,4004,801,2,grams,1602,kg,152138,kg,"Source: IMG_0109 Ampliphi Database, Semadeni Product Catalog ID 466401"
SPA316V : Get Glowing - Illuminating Clay Mask 250ml,John,Container,3,ml,PP,0.42,RecyClass Score 1,0,No,No information,"Venezuela, RB",97097,87387,4855,971,14,grams,13594,kg,1291388,kg,"Source: IMG_0109 Ampliphi Database, Semadeni Product Catalog ID 466402"
SPA320V : Totally Balmy - Cleansing Balm 250ml,Lilly,Container,378,ml,PP,0.55,RecyClass Score 1,0,No,No information,British Virgin Islands,73379,66041,3669,734,6,grams,4404,kg,418.26,kg,"Source: IMG_0109 Ampliphi Database, Semadeni Product Catalog ID 466403"
SPA321V : My Little Hero - Facial Serum 150ml,John,Container,329,ml,PP,0.71,RecyClass Score 2,0,No,No information,Virgin Islands US,32868,29581,1643,329,10,grams,47178,kg,312.24,kg,"Source: IMG_0109 Ampliphi Database, Semadeni Product Catalog ID 466404"
SPA322V : Hydra Veil - Hydrating Mask 250ml,Lilly,Container,457,ml,PP,0.72,RecyClass Score 2,0,No,No information,Vietnam,48621,43759,2431,486,5,grams,15738,kg,230.95,kg,"Source: IMG_0109 Ampliphi Database, Semadeni Product Catalog ID 466405"
SPA323V : Love A Scrub - Facial Scrub 250ml,Mike,Container,242,ml,PP,0.28,RecyClass Score 1,0,No,No information,Tanzania,30107,27096,1505,301,4,grams,1204,kg,114404,kg,"Source: IMG_0109 Ampliphi Database, Semadeni Product Catalog ID 466406"
SPA324V : Pearlesque - Hydrating Moisturiser 150ml,Robert,Container,152,ml,PP,0.97,RecyClass Score 1,0,No,No information,Uganda,34704,31234,1735,347,2,grams,0.694,kg,65938,kg,"Source: IMG_0109 Ampliphi Database, Semadeni Product Catalog ID 466407"
SPA331V : Cleanse & Mend - Facial Cleansing Milk 250ml,Lilly,Container,135,ml,PP,0.37,RecyClass Score 1,0,No,No information,Ukraine,45498,40948,2275,455,13,grams,5915,kg,561899,kg,"Source: IMG_0109 Ampliphi Database, Semadeni Product Catalog ID 466408"
SPA332V : Ritzy Spritzy - Facial Spritz 250ml,Jennifer,Container,320,ml,PP,0.62,RecyClass Score 1,0,No,No information,Uruguay,82960,74664,4148,830,7,grams,29707,kg,551684,kg,"Source: IMG_0109 Ampliphi Database, Semadeni Product Catalog ID 466409"
SPA333V : Radiance - Illuminating Exfoliating Gel 100ml,John,Container,240,ml,PP,0.45,RecyClass Score 4,0,No,No information,United States,50342,45308,2517,503,14,grams,7042,kg,669.55,kg,"Source: IMG_0109 Ampliphi Database, Semadeni Product Catalog ID 466410"
SPA334V : Visage - Awakening Eye Mask 50ml,Mike,Container,253,ml,PP,0.62,RecyClass Score 2,0,No,No information,Uzbekistan,81445,73301,4072,814,18,grams,14652,kg,1392714,kg,"Source: IMG_0109 Ampliphi Database, Semadeni Product Catalog ID 466411"
SPA335V : Maskerade - Facial Mask 250ml,John,Container,452,ml,PP,0.07,RecyClass Score 3,0,No,No information,"St, Vincent and the Grenadines",2432,2189,122,24,0,grams,0,kg,0,kg,"Source: IMG_0109 Ampliphi Database, Semadeni Product Catalog ID 466412"
SPA336V : Me Time - Soothing Moisturiser 150ml,Jennifer,Container,320,ml,PP,0.59,RecyClass Score 1,0,No,No information,"Venezuela, RB",4444,4000,222,44,1,grams,0.044,kg,4222,kg,"Source: IMG_0109 Ampliphi Database, Semadeni Product Catalog ID 466413"
SPA337V : Bright Eyes - Regenerating Eye Creme 50ml,Jennifer,Container,379,ml,PP,0.77,RecyClass Score 1,0,No,No information,British Virgin Islands,31368,28231,1568,314,6,grams,1884,kg,178794,kg,"Source: IMG_0109 Ampliphi Database, Semadeni Product Catalog ID 466414"
SPA338V : Palmarosa Balm - Facial Serum 150ml,Robert,Container,116,ml,PP,0.73,RecyClass Score 4,0,No,No information,Virgin Islands US,42918,38626,2146,429,2,grams,0.858,kg,81544,kg,"Source: IMG_0109 Ampliphi Database, Semadeni Product Catalog ID 466415"
SPA406V : Mama Oil - S/Mark Minimizing Body Oil 500ml CS,Jennifer,Container,289,ml,PP,0.61,RecyClass Score 1,0,No,No information,Vietnam,97531,87778,4877,975,28,grams,45012,kg,2594.34,kg,"Source: IMG_0109 Ampliphi Database, Semadeni Product Catalog ID 466416"
SPA407V : Mama Care - S/Mark Minimizing Body Cream 250ml CS,Robert,Container,288,ml,PP,0.27,RecyClass Score 4,0,No,No information,Tanzania,28783,25905,1439,288,0,grams,0,kg,0,kg,"Source: IMG_0109 Ampliphi Database, Semadeni Product Catalog ID 466417"
SPA4280V : Mindful Dreams - Relaxing Body Oil 500ml,John,Container,300,ml,PP,0.85,RecyClass Score 5,0,No,No information,Uganda,53560,48204,2678,536,6,grams,3216,kg,305292,kg,"Source: IMG_0109 Ampliphi Database, Semadeni Product Catalog ID 466418"
SPA528V : Serenergise - Muscle Relaxing Body Oil 500ml,Jennifer,Container,161,ml,PP,0.04,RecyClass Score 5,0,No,No information,Ukraine,9102,8192,455,91,2,grams,0.182,kg,17294,kg,"Source: IMG_0109 Ampliphi Database, Semadeni Product Catalog ID 466419"
SPA529V : Feel The Heat Muscle Warming Arnica Gel 150ml,Mike,Container,458,ml,PP,0.09,RecyClass Score 1,0,No,No information,Uruguay,90037,81033,4502,900,21,grams,45187,kg,1796235,kg,"Source: IMG_0109 Ampliphi Database, Semadeni Product Catalog ID 466420"
SPA610V : Mens Rejuvenating Moisturiser 50ml CS,Mike,Container,478,ml,PP,0.04,RecyClass Score 1,0,No,No information,United States,24693,22224,1235,247,6,grams,1482,kg,140754,kg,"Source: IMG_0109 Ampliphi Database, Semadeni Product Catalog ID 466421"
SPAQUA : PACK OF 2 IN ORGANZA BAG,Robert,Container,9,ml,PP,0.33,RecyClass Score 4,0,No,No information,Uzbekistan,29482,26534,1474,295,5,grams,1475,kg,140.04,kg,"Source: IMG_0109 Ampliphi Database, Semadeni Product Catalog ID 466422"